"genesysId","latitude","longitude","elevation","datum","uncertainty","method","version"
"2509376","13.7333","100.5","0.0","","0.0","","1"
"2509383","13.7333","100.5","0.0","","0.0","","1"
"2509385","13.7333","100.5","0.0","","0.0","","1"
"2509386","13.7333","100.5","0.0","","0.0","","1"
"2509387","13.7333","100.5","0.0","","0.0","","1"
"2509395","13.7333","100.5","0.0","","0.0","","1"
"2509401","13.7333","100.5","0.0","","0.0","","1"
"2509403","3.5333","-76.25","915.0","","0.0","","1"
"2509404","3.5333","-76.25","915.0","","0.0","","1"
"2509405","3.5333","-76.25","915.0","","0.0","","1"
"2509406","3.5333","-76.25","915.0","","0.0","","1"
"2509407","3.5333","-76.25","915.0","","0.0","","1"
"2509408","3.5333","-76.25","915.0","","0.0","","1"
"2509409","3.5333","-76.25","915.0","","0.0","","1"
"2509410","3.5333","-76.25","915.0","","0.0","","1"
"2509411","3.5333","-76.25","915.0","","0.0","","1"
"2509412","3.5333","-76.25","915.0","","0.0","","1"
"2509413","3.5333","-76.25","915.0","","0.0","","1"
"2509414","3.5333","-76.25","915.0","","0.0","","1"
"2509415","3.5333","-76.25","915.0","","0.0","","1"
"2509416","3.5333","-76.25","915.0","","0.0","","1"
"2509417","3.5333","-76.25","915.0","","0.0","","1"
"2509418","3.5333","-76.25","915.0","","0.0","","1"
"2509419","3.5333","-76.25","915.0","","0.0","","1"
"2509420","3.5333","-76.25","915.0","","0.0","","1"
"2509421","3.5333","-76.25","915.0","","0.0","","1"
"2509422","3.5333","-76.25","915.0","","0.0","","1"
"2509423","3.5333","-76.25","915.0","","0.0","","1"
"2509425","3.5333","-76.25","915.0","","0.0","","1"
"2509431","3.5333","-76.25","915.0","","0.0","","1"
"2509432","3.5333","-76.25","915.0","","0.0","","1"
"2509433","3.5333","-76.25","915.0","","0.0","","1"
"2509434","3.5333","-76.25","915.0","","0.0","","1"
"2509435","3.5333","-76.25","915.0","","0.0","","1"
"2509436","3.5333","-76.25","915.0","","0.0","","1"
"2509437","3.5333","-76.25","915.0","","0.0","","1"
"2509438","3.5333","-76.25","915.0","","0.0","","1"
"2509439","3.5333","-76.25","915.0","","0.0","","1"
"2509440","3.5333","-76.25","915.0","","0.0","","1"
"2509441","3.5333","-76.25","915.0","","0.0","","1"
"2509442","3.5333","-76.25","915.0","","0.0","","1"
"2509443","3.5333","-76.25","915.0","","0.0","","1"
"2509444","3.5333","-76.25","915.0","","0.0","","1"
"2509445","3.5333","-76.25","915.0","","0.0","","1"
"2509446","3.5333","-76.25","915.0","","0.0","","1"
"2509447","3.5333","-76.25","915.0","","0.0","","1"
"2509448","3.5333","-76.25","915.0","","0.0","","1"
"2509449","3.5333","-76.25","915.0","","0.0","","1"
"2509450","3.5333","-76.25","915.0","","0.0","","1"
"2509451","3.5333","-76.25","915.0","","0.0","","1"
"2509452","3.5333","-76.25","915.0","","0.0","","1"
"2509453","3.5333","-76.25","915.0","","0.0","","1"
"2509454","3.5333","-76.25","915.0","","0.0","","1"
"2509455","3.5333","-76.25","915.0","","0.0","","1"
"2509456","3.5333","-76.25","915.0","","0.0","","1"
"2509457","3.5333","-76.25","915.0","","0.0","","1"
"2509458","3.5333","-76.25","915.0","","0.0","","1"
"2509459","3.5333","-76.25","915.0","","0.0","","1"
"2509460","3.5333","-76.25","915.0","","0.0","","1"
"2509461","3.5333","-76.25","915.0","","0.0","","1"
"2509462","3.5333","-76.25","915.0","","0.0","","1"
"2509463","3.5333","-76.25","915.0","","0.0","","1"
"2509464","3.5333","-76.25","915.0","","0.0","","1"
"2509465","3.5333","-76.25","915.0","","0.0","","1"
"2509466","3.5333","-76.25","915.0","","0.0","","1"
"2509467","3.5333","-76.25","915.0","","0.0","","1"
"2509468","3.5333","-76.25","915.0","","0.0","","1"
"2509469","3.5333","-76.25","915.0","","0.0","","1"
"2509470","3.5333","-76.25","915.0","","0.0","","1"
"2509471","3.5333","-76.25","915.0","","0.0","","1"
"2510147","7.3833","3.9333","0.0","","0.0","","1"
"2510157","7.3833","3.9333","0.0","","0.0","","1"
"2510242","17.8167","-93.4","50.0","","0.0","","1"
"2510246","17.8167","-93.4","50.0","","0.0","","1"
"2510248","17.8167","-93.4","50.0","","0.0","","1"
"2510251","17.8167","-93.4","50.0","","0.0","","1"
"2510366","-6.5667","106.75","0.0","","0.0","","1"
"2510367","-6.5667","106.75","0.0","","0.0","","1"
"2510370","-6.5667","106.75","0.0","","0.0","","1"
"2510376","-6.5667","106.75","0.0","","0.0","","1"
"2510377","-6.5667","106.75","0.0","","0.0","","1"
"2510378","-6.5667","106.75","0.0","","0.0","","1"
"2510379","-6.5667","106.75","0.0","","0.0","","1"
"2510380","-6.5667","106.75","0.0","","0.0","","1"
"2510381","-6.5667","106.75","0.0","","0.0","","1"
"2510382","-6.5667","106.75","0.0","","0.0","","1"
"2510383","-6.5667","106.75","0.0","","0.0","","1"
"2510385","-6.5667","106.75","0.0","","0.0","","1"
"2510386","-6.5667","106.75","0.0","","0.0","","1"
"2512863","3.5333","-76.25","915.0","","0.0","","1"
"2512864","3.5333","-76.25","915.0","","0.0","","1"
"2512865","3.5333","-76.25","915.0","","0.0","","1"
"2512866","3.5333","-76.25","915.0","","0.0","","1"
"2512867","3.5333","-76.25","915.0","","0.0","","1"
"2512868","3.5333","-76.25","915.0","","0.0","","1"
"2512869","3.5333","-76.25","915.0","","0.0","","1"
"2512870","3.5333","-76.25","915.0","","0.0","","1"
"2512871","3.5333","-76.25","915.0","","0.0","","1"
"2512872","3.5333","-76.25","915.0","","0.0","","1"
"2512873","3.5333","-76.25","915.0","","0.0","","1"
"2512874","3.5333","-76.25","915.0","","0.0","","1"
"2512875","3.5333","-76.25","915.0","","0.0","","1"
"2512876","3.5333","-76.25","915.0","","0.0","","1"
"2512877","3.5333","-76.25","915.0","","0.0","","1"
"2512878","3.5333","-76.25","915.0","","0.0","","1"
"2512879","3.5333","-76.25","915.0","","0.0","","1"
"2512880","3.5333","-76.25","915.0","","0.0","","1"
"2512881","3.5333","-76.25","915.0","","0.0","","1"
"2512882","3.5333","-76.25","915.0","","0.0","","1"
"2512883","3.5333","-76.25","915.0","","0.0","","1"
"2512884","3.5333","-76.25","915.0","","0.0","","1"
"2512885","3.5333","-76.25","915.0","","0.0","","1"
"2512886","3.5333","-76.25","915.0","","0.0","","1"
"2512887","3.5333","-76.25","915.0","","0.0","","1"
"2512888","3.5333","-76.25","915.0","","0.0","","1"
"2512889","3.5333","-76.25","915.0","","0.0","","1"
"2512890","3.5333","-76.25","915.0","","0.0","","1"
"2512891","3.5333","-76.25","915.0","","0.0","","1"
"2512892","3.5333","-76.25","915.0","","0.0","","1"
"2512893","3.5333","-76.25","915.0","","0.0","","1"
"2512894","3.5333","-76.25","915.0","","0.0","","1"
"2512895","3.5333","-76.25","915.0","","0.0","","1"
"2512896","3.5333","-76.25","915.0","","0.0","","1"
"2512897","3.5333","-76.25","915.0","","0.0","","1"
"2512898","3.5333","-76.25","915.0","","0.0","","1"
"2512899","3.5333","-76.25","915.0","","0.0","","1"
"2512900","3.5333","-76.25","915.0","","0.0","","1"
"2512901","3.5333","-76.25","915.0","","0.0","","1"
"2512902","3.5333","-76.25","915.0","","0.0","","1"
"2512903","3.5333","-76.25","915.0","","0.0","","1"
"2512904","3.5333","-76.25","915.0","","0.0","","1"
"2512905","3.5333","-76.25","915.0","","0.0","","1"
"2512906","3.5333","-76.25","915.0","","0.0","","1"
"2512907","3.5333","-76.25","915.0","","0.0","","1"
"2512908","3.5333","-76.25","915.0","","0.0","","1"
"2512909","3.5333","-76.25","915.0","","0.0","","1"
"2512910","3.5333","-76.25","915.0","","0.0","","1"
"2512911","3.5333","-76.25","915.0","","0.0","","1"
"2512912","3.5333","-76.25","915.0","","0.0","","1"
"2512913","3.5333","-76.25","915.0","","0.0","","1"
"2512914","3.5333","-76.25","915.0","","0.0","","1"
"2512915","3.5333","-76.25","915.0","","0.0","","1"
"2512916","3.5333","-76.25","915.0","","0.0","","1"
"2512917","3.5333","-76.25","915.0","","0.0","","1"
"2512918","3.5333","-76.25","915.0","","0.0","","1"
"2512919","3.5333","-76.25","915.0","","0.0","","1"
"2512920","3.5333","-76.25","915.0","","0.0","","1"
"2512921","3.5333","-76.25","915.0","","0.0","","1"
"2512922","3.5333","-76.25","915.0","","0.0","","1"
"2512923","3.5333","-76.25","915.0","","0.0","","1"
"2512924","3.5333","-76.25","915.0","","0.0","","1"
"2512925","3.5333","-76.25","915.0","","0.0","","1"
"2512926","3.5333","-76.25","915.0","","0.0","","1"
"2512927","3.5333","-76.25","915.0","","0.0","","1"
"2512928","3.5333","-76.25","915.0","","0.0","","1"
"2512929","3.5333","-76.25","915.0","","0.0","","1"
"2512930","3.5333","-76.25","915.0","","0.0","","1"
"2512931","3.5333","-76.25","915.0","","0.0","","1"
"2512932","3.5333","-76.25","915.0","","0.0","","1"
"2512933","3.5333","-76.25","915.0","","0.0","","1"
"2512934","3.5333","-76.25","915.0","","0.0","","1"
"2512935","3.5333","-76.25","915.0","","0.0","","1"
"2512936","3.5333","-76.25","915.0","","0.0","","1"
"2512937","3.5333","-76.25","915.0","","0.0","","1"
"2512938","3.5333","-76.25","915.0","","0.0","","1"
"2512939","3.5333","-76.25","915.0","","0.0","","1"
"2512940","3.5333","-76.25","915.0","","0.0","","1"
"2512941","3.5333","-76.25","915.0","","0.0","","1"
"2512942","3.5333","-76.25","915.0","","0.0","","1"
"2512943","3.5333","-76.25","915.0","","0.0","","1"
"2512944","3.5333","-76.25","915.0","","0.0","","1"
"2512945","3.5333","-76.25","915.0","","0.0","","1"
"2512946","3.5333","-76.25","915.0","","0.0","","1"
"2512947","3.5333","-76.25","915.0","","0.0","","1"
"2512948","3.5333","-76.25","915.0","","0.0","","1"
"2512949","3.5333","-76.25","915.0","","0.0","","1"
"2512950","3.5333","-76.25","915.0","","0.0","","1"
"2512951","3.5333","-76.25","915.0","","0.0","","1"
"2512952","3.5333","-76.25","915.0","","0.0","","1"
"2512953","3.5333","-76.25","915.0","","0.0","","1"
"2512954","3.5333","-76.25","915.0","","0.0","","1"
"2512955","3.5333","-76.25","915.0","","0.0","","1"
"2512956","3.5333","-76.25","915.0","","0.0","","1"
"2512957","3.5333","-76.25","915.0","","0.0","","1"
"2512958","3.5333","-76.25","915.0","","0.0","","1"
"2512959","3.5333","-76.25","915.0","","0.0","","1"
"2512960","3.5333","-76.25","915.0","","0.0","","1"
"2512961","3.5333","-76.25","915.0","","0.0","","1"
"2512962","3.5333","-76.25","915.0","","0.0","","1"
"2512963","3.5333","-76.25","915.0","","0.0","","1"
"2512964","3.5333","-76.25","915.0","","0.0","","1"
"2512965","3.5333","-76.25","915.0","","0.0","","1"
"2512966","3.5333","-76.25","915.0","","0.0","","1"
"2512967","3.5333","-76.25","915.0","","0.0","","1"
"2512968","3.5333","-76.25","915.0","","0.0","","1"
"2512969","3.5333","-76.25","915.0","","0.0","","1"
"2512970","3.5333","-76.25","915.0","","0.0","","1"
"2512971","3.5333","-76.25","915.0","","0.0","","1"
"2512972","3.5333","-76.25","915.0","","0.0","","1"
"2512973","3.5333","-76.25","915.0","","0.0","","1"
"2512974","3.5333","-76.25","915.0","","0.0","","1"
"2512975","3.5333","-76.25","915.0","","0.0","","1"
"2512976","3.5333","-76.25","915.0","","0.0","","1"
"2512977","3.5333","-76.25","915.0","","0.0","","1"
"2512978","3.5333","-76.25","915.0","","0.0","","1"
"2512979","3.5333","-76.25","915.0","","0.0","","1"
"2512980","3.5333","-76.25","915.0","","0.0","","1"
"2512981","3.5333","-76.25","915.0","","0.0","","1"
"2512982","3.5333","-76.25","915.0","","0.0","","1"
"2512983","3.5333","-76.25","915.0","","0.0","","1"
"2512984","3.5333","-76.25","915.0","","0.0","","1"
"2512985","3.5333","-76.25","915.0","","0.0","","1"
"2512986","3.5333","-76.25","915.0","","0.0","","1"
"2512987","3.5333","-76.25","915.0","","0.0","","1"
"2512988","3.5333","-76.25","915.0","","0.0","","1"
"2512989","3.5333","-76.25","915.0","","0.0","","1"
"2512990","3.5333","-76.25","915.0","","0.0","","1"
"2512991","3.5333","-76.25","915.0","","0.0","","1"
"2512992","3.5333","-76.25","915.0","","0.0","","1"
"2512993","3.5333","-76.25","915.0","","0.0","","1"
"2512994","3.5333","-76.25","915.0","","0.0","","1"
"2512995","3.5333","-76.25","915.0","","0.0","","1"
"2512996","3.5333","-76.25","915.0","","0.0","","1"
"2512997","3.5333","-76.25","915.0","","0.0","","1"
"2512998","3.5333","-76.25","915.0","","0.0","","1"
"2512999","3.5333","-76.25","915.0","","0.0","","1"
"2513000","3.5333","-76.25","915.0","","0.0","","1"
"2513001","3.5333","-76.25","915.0","","0.0","","1"
"2513002","3.5333","-76.25","915.0","","0.0","","1"
"2513003","3.5333","-76.25","915.0","","0.0","","1"
"2513004","3.5333","-76.25","915.0","","0.0","","1"
"2513005","3.5333","-76.25","915.0","","0.0","","1"
"2513006","3.5333","-76.25","915.0","","0.0","","1"
"2513007","3.5333","-76.25","915.0","","0.0","","1"
"2513008","3.5333","-76.25","915.0","","0.0","","1"
"2513009","3.5333","-76.25","915.0","","0.0","","1"
"2513010","3.5333","-76.25","915.0","","0.0","","1"
"2513011","3.5333","-76.25","915.0","","0.0","","1"
"2513012","3.5333","-76.25","915.0","","0.0","","1"
"2513013","3.5333","-76.25","915.0","","0.0","","1"
"2513014","3.5333","-76.25","915.0","","0.0","","1"
"2513015","3.5333","-76.25","915.0","","0.0","","1"
"2513016","3.5333","-76.25","915.0","","0.0","","1"
"2513017","3.5333","-76.25","915.0","","0.0","","1"
"2513018","3.5333","-76.25","915.0","","0.0","","1"
"2513019","3.5333","-76.25","915.0","","0.0","","1"
"2513020","3.5333","-76.25","915.0","","0.0","","1"
"2513021","3.5333","-76.25","915.0","","0.0","","1"
"2513022","3.5333","-76.25","915.0","","0.0","","1"
"2513023","3.5333","-76.25","915.0","","0.0","","1"
"2513024","3.5333","-76.25","915.0","","0.0","","1"
"2513025","3.5333","-76.25","915.0","","0.0","","1"
"2513026","3.5333","-76.25","915.0","","0.0","","1"
"2513027","3.5333","-76.25","915.0","","0.0","","1"
"2513028","3.5333","-76.25","915.0","","0.0","","1"
"2513029","3.5333","-76.25","915.0","","0.0","","1"
"2513030","3.5333","-76.25","915.0","","0.0","","1"
"2513031","3.5333","-76.25","915.0","","0.0","","1"
"2513032","3.5333","-76.25","915.0","","0.0","","1"
"2513033","3.5333","-76.25","915.0","","0.0","","1"
"2513034","3.5333","-76.25","915.0","","0.0","","1"
"2513035","3.5333","-76.25","915.0","","0.0","","1"
"2513036","3.5333","-76.25","915.0","","0.0","","1"
"2513037","3.5333","-76.25","915.0","","0.0","","1"
"2513038","3.5333","-76.25","915.0","","0.0","","1"
"2513039","3.5333","-76.25","915.0","","0.0","","1"
"2513040","3.5333","-76.25","915.0","","0.0","","1"
"2513041","3.5333","-76.25","915.0","","0.0","","1"
"2513042","3.5333","-76.25","915.0","","0.0","","1"
"2513043","3.5333","-76.25","915.0","","0.0","","1"
"2513044","3.5333","-76.25","915.0","","0.0","","1"
"2513045","3.5333","-76.25","915.0","","0.0","","1"
"2513046","3.5333","-76.25","915.0","","0.0","","1"
"2513047","3.5333","-76.25","915.0","","0.0","","1"
"2513048","3.5333","-76.25","915.0","","0.0","","1"
"2513049","3.5333","-76.25","915.0","","0.0","","1"
"2513050","3.5333","-76.25","915.0","","0.0","","1"
"2513051","3.5333","-76.25","915.0","","0.0","","1"
"2513052","3.5333","-76.25","915.0","","0.0","","1"
"2513053","3.5333","-76.25","915.0","","0.0","","1"
"2513054","3.5333","-76.25","915.0","","0.0","","1"
"2513055","3.5333","-76.25","915.0","","0.0","","1"
"2513056","3.5333","-76.25","915.0","","0.0","","1"
"2513057","3.5333","-76.25","915.0","","0.0","","1"
"2513058","3.5333","-76.25","915.0","","0.0","","1"
"2513059","3.5333","-76.25","915.0","","0.0","","1"
"2513060","3.5333","-76.25","915.0","","0.0","","1"
"2513061","3.5333","-76.25","915.0","","0.0","","1"
"2513062","3.5333","-76.25","915.0","","0.0","","1"
"2513063","3.5333","-76.25","915.0","","0.0","","1"
"2513064","3.5333","-76.25","915.0","","0.0","","1"
"2513065","3.5333","-76.25","915.0","","0.0","","1"
"2513066","3.5333","-76.25","915.0","","0.0","","1"
"2513067","3.5333","-76.25","915.0","","0.0","","1"
"2513068","3.5333","-76.25","915.0","","0.0","","1"
"2513069","3.5333","-76.25","915.0","","0.0","","1"
"2513070","3.5333","-76.25","915.0","","0.0","","1"
"2513071","3.5333","-76.25","915.0","","0.0","","1"
"2513072","3.5333","-76.25","915.0","","0.0","","1"
"2513073","3.5333","-76.25","915.0","","0.0","","1"
"2513074","3.5333","-76.25","915.0","","0.0","","1"
"2513075","3.5333","-76.25","915.0","","0.0","","1"
"2513076","3.5333","-76.25","915.0","","0.0","","1"
"2513077","3.5333","-76.25","915.0","","0.0","","1"
"2513078","3.5333","-76.25","915.0","","0.0","","1"
"2513079","3.5333","-76.25","915.0","","0.0","","1"
"2513080","3.5333","-76.25","915.0","","0.0","","1"
"2513081","3.5333","-76.25","915.0","","0.0","","1"
"2513082","3.5333","-76.25","915.0","","0.0","","1"
"2513083","3.5333","-76.25","915.0","","0.0","","1"
"2513084","3.5333","-76.25","915.0","","0.0","","1"
"2513085","3.5333","-76.25","915.0","","0.0","","1"
"2513086","3.5333","-76.25","915.0","","0.0","","1"
"2513087","3.5333","-76.25","915.0","","0.0","","1"
"2513088","3.5333","-76.25","915.0","","0.0","","1"
"2513089","3.5333","-76.25","915.0","","0.0","","1"
"2513090","3.5333","-76.25","915.0","","0.0","","1"
"2513091","3.5333","-76.25","915.0","","0.0","","1"
"2513095","3.5333","-76.25","915.0","","0.0","","1"
"2513096","3.5333","-76.25","915.0","","0.0","","1"
"2513101","3.5333","-76.25","915.0","","0.0","","1"
"2513102","3.5333","-76.25","915.0","","0.0","","1"
"2513103","3.5333","-76.25","915.0","","0.0","","1"
"2513104","3.5333","-76.25","915.0","","0.0","","1"
"2513105","3.5333","-76.25","915.0","","0.0","","1"
"2513106","3.5333","-76.25","915.0","","0.0","","1"
"2513107","3.5333","-76.25","915.0","","0.0","","1"
"2513108","3.5333","-76.25","915.0","","0.0","","1"
"2513109","3.5333","-76.25","915.0","","0.0","","1"
"2513110","3.5333","-76.25","915.0","","0.0","","1"
"2513111","3.5333","-76.25","915.0","","0.0","","1"
"2513112","3.5333","-76.25","915.0","","0.0","","1"
"2513113","3.5333","-76.25","915.0","","0.0","","1"
"2513114","3.5333","-76.25","915.0","","0.0","","1"
"2513115","3.5333","-76.25","915.0","","0.0","","1"
"2513116","3.5333","-76.25","915.0","","0.0","","1"
"2513117","3.5333","-76.25","915.0","","0.0","","1"
"2513118","3.5333","-76.25","915.0","","0.0","","1"
"2513119","3.5333","-76.25","915.0","","0.0","","1"
"2513120","3.5333","-76.25","915.0","","0.0","","1"
"2513121","3.5333","-76.25","915.0","","0.0","","1"
"2513122","3.5333","-76.25","915.0","","0.0","","1"
"2513123","3.5333","-76.25","915.0","","0.0","","1"
"2513124","3.5333","-76.25","915.0","","0.0","","1"
"2513125","3.5333","-76.25","915.0","","0.0","","1"
"2513126","3.5333","-76.25","915.0","","0.0","","1"
"2513127","3.5333","-76.25","915.0","","0.0","","1"
"2513128","3.5333","-76.25","915.0","","0.0","","1"
"2513129","3.5333","-76.25","915.0","","0.0","","1"
"2513130","3.5333","-76.25","915.0","","0.0","","1"
"2513131","3.5333","-76.25","915.0","","0.0","","1"
"2513132","3.5333","-76.25","915.0","","0.0","","1"
"2513133","3.5333","-76.25","915.0","","0.0","","1"
"2513134","3.5333","-76.25","915.0","","0.0","","1"
"2513135","3.5333","-76.25","915.0","","0.0","","1"
"2513136","3.5333","-76.25","915.0","","0.0","","1"
"2513137","3.5333","-76.25","915.0","","0.0","","1"
"2513138","3.5333","-76.25","915.0","","0.0","","1"
"2513139","3.5333","-76.25","915.0","","0.0","","1"
"2513140","3.5333","-76.25","915.0","","0.0","","1"
"2513141","3.5333","-76.25","915.0","","0.0","","1"
"2513142","3.5333","-76.25","915.0","","0.0","","1"
"2513143","3.5333","-76.25","915.0","","0.0","","1"
"2513144","3.5333","-76.25","915.0","","0.0","","1"
"2513145","3.5333","-76.25","915.0","","0.0","","1"
"2513146","3.5333","-76.25","915.0","","0.0","","1"
"2513147","3.5333","-76.25","915.0","","0.0","","1"
"2513148","3.5333","-76.25","915.0","","0.0","","1"
"2513149","3.5333","-76.25","915.0","","0.0","","1"
"2513150","3.5333","-76.25","915.0","","0.0","","1"
"2513151","3.5333","-76.25","915.0","","0.0","","1"
"2513152","3.5333","-76.25","915.0","","0.0","","1"
"2513153","3.5333","-76.25","915.0","","0.0","","1"
"2513154","3.5333","-76.25","915.0","","0.0","","1"
"2513155","3.5333","-76.25","915.0","","0.0","","1"
"2513156","3.5333","-76.25","915.0","","0.0","","1"
"2513157","3.5333","-76.25","915.0","","0.0","","1"
"2513158","3.5333","-76.25","915.0","","0.0","","1"
"2513159","3.5333","-76.25","915.0","","0.0","","1"
"2513160","3.5333","-76.25","915.0","","0.0","","1"
"2513161","3.5333","-76.25","915.0","","0.0","","1"
"2513162","3.5333","-76.25","915.0","","0.0","","1"
"2513163","3.5333","-76.25","915.0","","0.0","","1"
"2513164","3.5333","-76.25","915.0","","0.0","","1"
"2513165","3.5333","-76.25","915.0","","0.0","","1"
"2513166","3.5333","-76.25","915.0","","0.0","","1"
"2513167","3.5333","-76.25","915.0","","0.0","","1"
"2513168","3.5333","-76.25","915.0","","0.0","","1"
"2513169","3.5333","-76.25","915.0","","0.0","","1"
"2513170","3.5333","-76.25","915.0","","0.0","","1"
"2513171","3.5333","-76.25","915.0","","0.0","","1"
"2513172","3.5333","-76.25","915.0","","0.0","","1"
"2513173","3.5333","-76.25","915.0","","0.0","","1"
"2513174","3.5333","-76.25","915.0","","0.0","","1"
"2513175","3.5333","-76.25","915.0","","0.0","","1"
"2513176","3.5333","-76.25","915.0","","0.0","","1"
"2513194","-24.7333","-43.7","26.0","","0.0","","1"
"2513207","-1.45","-48.5","10.0","","0.0","","1"
"2513217","-22.9","-47.05","854.0","","0.0","","1"
"2513231","-24.7333","-43.7","26.0","","0.0","","1"
"2513242","-22.9","-47.05","854.0","","0.0","","1"
"2513294","-22.9","-47.05","854.0","","0.0","","1"
"2513311","-22.9","-47.05","854.0","","0.0","","1"
"2513313","-22.9","-47.05","854.0","","0.0","","1"
"2513333","-14.7833","-39.2667","54.0","","0.0","","1"
"2513364","-22.85","-43.7667","13.0","","0.0","","1"
"2513365","-22.9","-47.05","854.0","","0.0","","1"
"2513372","-22.9","-47.1","0.0","","0.0","","1"
"2513385","-22.9","-47.05","854.0","","0.0","","1"
"2513390","-12.6667","-39.1","220.0","","0.0","","1"
"2513445","-12.6667","-39.1","220.0","","0.0","","1"
"2513563","-29.7833","-51.85","54.0","","0.0","","1"
"2513825","3.4333","-77.5","915.0","","0.0","","1"
"2513835","3.4333","-77.5","915.0","","0.0","","1"
"2513840","-12.6667","-39.1","220.0","","0.0","","1"
"2513849","-22.9","-47.05","854.0","","0.0","","1"
"2513856","-22.9","-47.05","854.0","","0.0","","1"
"2513897","-22.9","-47.05","854.0","","0.0","","1"
"2513898","-22.9","-47.05","854.0","","0.0","","1"
"2513925","-22.85","-43.7667","13.0","","0.0","","1"
"2513941","-22.9","-47.05","854.0","","0.0","","1"
"2513944","-22.9","-47.05","854.0","","0.0","","1"
"2513975","-12.6667","-39.1","220.0","","0.0","","1"
"2513983","-12.6667","-39.1","220.0","","0.0","","1"
"2513988","-14.7833","-39.2667","54.0","","0.0","","1"
"2513990","-24.7333","-43.7","26.0","","0.0","","1"
"2514004","-12.6667","-39.1","220.0","","0.0","","1"
"2514006","-12.6667","-39.1","220.0","","0.0","","1"
"2514028","-12.6667","-39.1","220.0","","0.0","","1"
"2514038","-14.7833","-39.2667","54.0","","0.0","","1"
"2514051","-12.6667","-39.1","220.0","","0.0","","1"
"2514054","3.4333","-77.5","915.0","","0.0","","1"
"2514066","-29.7833","-51.85","54.0","","0.0","","1"
"2514070","-22.9","-47.05","854.0","","0.0","","1"
"2514089","-3.4333","-77.5","915.0","","0.0","","1"
"2514101","-22.9","-47.05","854.0","","0.0","","1"
"2514123","3.4333","-77.5","915.0","","0.0","","1"
"2514124","3.4333","-77.5","915.0","","0.0","","1"
"2514129","3.4333","-77.5","915.0","","0.0","","1"
"2514130","3.4333","-77.5","915.0","","0.0","","1"
"2514151","-22.9","-47.05","854.0","","0.0","","1"
"2514156","-12.6667","-39.1","220.0","","0.0","","1"
"2514158","-22.9","-47.05","854.0","","0.0","","1"
"2514159","3.4333","-77.5","915.0","","0.0","","1"
"2514160","3.4333","-77.5","915.0","","0.0","","1"
"2514163","3.4333","-77.5","915.0","","0.0","","1"
"2514164","3.4333","-77.5","915.0","","0.0","","1"
"2514165","3.4333","-77.5","915.0","","0.0","","1"
"2514169","-12.6667","-39.1","220.0","","0.0","","1"
"2514179","3.4333","-77.5","915.0","","0.0","","1"
"2514181","3.4333","-77.5","915.0","","0.0","","1"
"2514188","-22.9","-47.05","854.0","","0.0","","1"
"2514219","-12.6667","-39.1","220.0","","0.0","","1"
"2514221","-24.7333","-43.7","26.0","","0.0","","1"
"2514227","-24.7333","-43.7","26.0","","0.0","","1"
"2514232","-22.9","-47.05","854.0","","0.0","","1"
"2514236","-24.7333","-43.7","26.0","","0.0","","1"
"2514241","-22.9","-47.05","854.0","","0.0","","1"
"2514243","3.4333","-77.5","915.0","","0.0","","1"
"2514244","3.4333","-77.5","915.0","","0.0","","1"
"2514245","3.4333","-77.5","915.0","","0.0","","1"
"2514246","3.4333","-77.5","915.0","","0.0","","1"
"2514247","3.4333","-77.5","915.0","","0.0","","1"
"2514248","3.4333","-77.5","915.0","","0.0","","1"
"2514249","3.4333","-77.5","915.0","","0.0","","1"
"2514250","3.4333","-77.5","915.0","","0.0","","1"
"2514255","-3.4333","-77.5","915.0","","0.0","","1"
"2514256","3.4333","-77.5","915.0","","0.0","","1"
"2514262","-14.7833","-39.2667","54.0","","0.0","","1"
"2514279","-12.6667","-39.1","220.0","","0.0","","1"
"2514308","3.4333","-77.5","915.0","","0.0","","1"
"2514312","3.4333","-77.5","915.0","","0.0","","1"
"2514314","3.4333","-77.5","915.0","","0.0","","1"
"2514315","3.4333","-77.5","915.0","","0.0","","1"
"2514336","-12.6667","-39.1","220.0","","0.0","","1"
"2514338","-12.6667","-39.1","220.0","","0.0","","1"
"2514351","-12.6667","-39.1","220.0","","0.0","","1"
"2514355","3.4333","-77.5","915.0","","0.0","","1"
"2514358","3.4333","-77.5","915.0","","0.0","","1"
"2514385","-22.85","-43.7667","13.0","","0.0","","1"
"2514389","3.4333","-77.5","915.0","","0.0","","1"
"2514391","3.4333","-77.5","915.0","","0.0","","1"
"2514393","3.4333","-77.5","915.0","","0.0","","1"
"2514394","3.4333","-77.5","915.0","","0.0","","1"
"2514395","3.4333","-77.5","915.0","","0.0","","1"
"2514396","3.4333","-77.5","915.0","","0.0","","1"
"2514397","3.4333","-77.5","915.0","","0.0","","1"
"2514398","3.4333","-77.5","915.0","","0.0","","1"
"2514402","-12.6667","-39.1","220.0","","0.0","","1"
"2514404","-22.9","-47.05","854.0","","0.0","","1"
"2514405","-22.9","-47.05","854.0","","0.0","","1"
"2514426","-14.7833","-39.2667","54.0","","0.0","","1"
"2514440","-14.7833","-39.2667","54.0","","0.0","","1"
"2514472","-26.3","-59.3667","80.0","","0.0","","1"
"2514473","-26.3","-59.3667","80.0","","0.0","","1"
"2514477","-26.3","-59.3667","80.0","","0.0","","1"
"2514483","-26.9333","-55.0667","160.0","","0.0","","1"
"2514518","-26.3","-59.3667","80.0","","0.0","","1"
"2514543","-29.4667","-56.8167","59.0","","0.0","","1"
"2537836","7.6833301","-5.03333","0.0","","0.0","","2"
"2538937","-3.42","14.25","0.0","","0.0","","1"
"2539079","10.05","-12.8667","0.0","","0.0","","1"
"2539190","3.1666701","11.6833","335.0","","0.0","","2"
"2539266","6.7333298","2.1333301","88.0","","0.0","","2"
"2539290","5.6833329","-2.866667","246.0","","0.0","","2"
"2539293","5.6833329","-2.866667","246.0","","0.0","","2"
"2539296","5.6833329","-2.866667","246.0","","0.0","","2"
"2539300","5.6833329","-2.866667","246.0","","0.0","","2"
"2539302","5.6833329","-2.866667","246.0","","0.0","","2"
"2539471","16.0","8.0","0.0","","0.0","","1"
"2539474","16.0","8.0","0.0","","0.0","","1"
"2539496","16.0","8.0","0.0","","0.0","","1"
"2539498","13.3","2.3167","252.0","","0.0","","2"
"2539586","3.7236099","9.9549999","663.0","","0.0","","2"
"2539804","10.283333","-14.45","78.0","","0.0","","2"
"2539814","10.283333","-14.45","78.0","","0.0","","2"
"2539816","10.283333","-14.45","78.0","","0.0","","2"
"2539836","-5.3166699","15.1167","594.0","","0.0","","2"
"2539837","-5.3166699","15.1167","594.0","","0.0","","2"
"2539838","-5.3166699","15.1167","594.0","","0.0","","2"
"2539845","-5.3166699","15.1167","594.0","","0.0","","2"
"2540089","0.52083302","32.61861","0.0","","0.0","","2"
"2540181","10.7","7.0999999","0.0","","0.0","","2"
"2540398","10.4","5.4833002","0.0","","0.0","","2"
"2540400","10.4","5.4833002","0.0","","0.0","","2"
"2540404","11.5","5.0","0.0","","0.0","","1"
"2540410","10.4","5.4833002","0.0","","0.0","","2"
"2540411","11.5","5.0","0.0","","0.0","","1"
"2540412","11.5","5.0","0.0","","0.0","","1"
"2540415","11.5","5.0","0.0","","0.0","","1"
"2540427","10.4","5.4833002","0.0","","0.0","","2"
"2540428","12.1667","6.6500001","0.0","","0.0","","2"
"2540435","11.5","5.0","0.0","","0.0","","1"
"2540448","12.0","8.5","0.0","","0.0","","1"
"2540454","12.0","8.5","0.0","","0.0","","1"
"2540458","12.0","8.5","0.0","","0.0","","1"
"2540459","9.3000002","12.5","0.0","","0.0","","2"
"2540461","10.4","5.4833002","0.0","","0.0","","2"
"2540471","11.35","10.4667","0.0","","0.0","","1"
"2540473","11.35","10.4667","0.0","","0.0","","1"
"2540478","10.4","5.4833002","0.0","","0.0","","2"
"2540480","7.1666999","5.6167002","0.0","","0.0","","2"
"2540484","7.1999998","8.1499996","0.0","","0.0","","2"
"2540489","7.3499999","7.6332998","0.0","","0.0","","2"
"2540491","7.5500002","6.25","0.0","","0.0","","2"
"2540514","8.8500004","7.8832998","0.0","","0.0","","2"
"2540518","10.4","5.4833002","0.0","","0.0","","2"
"2540525","9.7333002","8.75","0.0","","0.0","","2"
"2540528","10.4","5.4833002","0.0","","0.0","","2"
"2540530","10.4","5.4833002","0.0","","0.0","","2"
"2540532","10.4","5.4833002","0.0","","0.0","","2"
"2540540","7.5500002","6.25","0.0","","0.0","","2"
"2540553","7.5500002","6.25","0.0","","0.0","","2"
"2540556","9.8999996","4.5332999","0.0","","0.0","","2"
"2540560","10.4","5.4833002","0.0","","0.0","","2"
"2540562","9.1667004","9.1667004","0.0","","0.0","","2"
"2540570","9.1667004","9.1667004","0.0","","0.0","","2"
"2540574","9.0832996","6.0","0.0","","0.0","","2"
"2540576","9.0500002","6.7333002","0.0","","0.0","","2"
"2540582","9.0500002","6.7333002","0.0","","0.0","","2"
"2540583","9.1667004","9.1667004","0.0","","0.0","","2"
"2540584","9.4499998","5.0","0.0","","0.0","","2"
"2540590","9.4499998","5.0","0.0","","0.0","","2"
"2540591","10.4","5.4833002","0.0","","0.0","","2"
"2540594","9.4499998","5.0","0.0","","0.0","","2"
"2540606","10.4","5.4833002","0.0","","0.0","","2"
"2540617","10.4","5.4833002","0.0","","0.0","","2"
"2540618","9.4499998","5.0","0.0","","0.0","","2"
"2540621","8.9167004","8.4167004","0.0","","0.0","","2"
"2540623","7.3667002","3.9166999","0.0","","0.0","","2"
"2540625","10.4","5.4833002","0.0","","0.0","","2"
"2540636","8.3832998","6.1999998","0.0","","0.0","","2"
"2540637","7.3667002","3.9166999","0.0","","0.0","","2"
"2540639","8.3832998","6.1999998","0.0","","0.0","","2"
"2540642","8.3832998","6.1999998","0.0","","0.0","","2"
"2540643","5.0166998","7.9499998","0.0","","0.0","","2"
"2540651","5.4833002","4.8333001","0.0","","0.0","","2"
"2540652","-1.16","14.55","0.0","","0.0","","1"
"2540653","7.85","3.93333","292.0","","0.0","","0"
"2540706","7.6833301","-5.03333","0.0","","0.0","","2"
"2540708","7.6833301","-5.03333","0.0","","0.0","","2"
"4528013","9.6999998","11.9","0.0","","0.0","","0"
"4528251","5.6833329","-2.866667","246.0","","0.0","","0"
"4528258","5.6833329","-2.866667","246.0","","0.0","","0"
"4528338","10.4","5.4833002","0.0","","0.0","","0"
"4528343","12.1667","6.6500001","0.0","","0.0","","0"
"4528349","12.1667","6.6500001","0.0","","0.0","","0"
"4528355","5.0166998","7.9499998","0.0","","0.0","","0"
"4528360","7.3667002","3.9166999","0.0","","0.0","","0"
